mission,field,altitude,date,index_name,mean,median,std,p25,p75,n_valid
20250423_RBD_REPAR_F12_HA,F12,HA,20250423,ExG,7.5721,7.0,3.5894,5.0,10.0,60028885
20250423_RBD_REPAR_F12_HA,F12,HA,20250423,GNDVI,0.0495,0.0498,0.0575,0.011,0.0882,60028885
20250423_RBD_REPAR_F12_HA,F12,HA,20250423,NDRE,-0.0406,-0.0416,0.0316,-0.0618,-0.0206,60028885
20250423_RBD_REPAR_F12_HA,F12,HA,20250423,NDVI,0.1962,0.1947,0.0676,0.1492,0.2414,60028885
20250423_RBD_REPAR_F12_HA,F12,HA,20250423,OSAVI,0.1962,0.1947,0.0676,0.1492,0.2414,60028885
20250423_RBD_REPAR_F12_HA,F12,HA,20250423,VARI,-0.0438,-0.043,0.0182,-0.0548,-0.0316,60028885
20250423_RBD_REPAR_F12_LA,F12,LA,20250423,ExG,7.4717,7.0,4.5981,4.0,10.0,235130512
20250423_RBD_REPAR_F12_LA,F12,LA,20250423,GNDVI,0.0463,0.0437,0.0668,0.0002,0.0901,235130512
20250423_RBD_REPAR_F12_LA,F12,LA,20250423,NDRE,-0.0466,-0.0469,0.0304,-0.0667,-0.0267,235130512
20250423_RBD_REPAR_F12_LA,F12,LA,20250423,NDVI,0.1898,0.1803,0.0844,0.1294,0.2418,235130512
20250423_RBD_REPAR_F12_LA,F12,LA,20250423,OSAVI,0.1898,0.1803,0.0844,0.1294,0.2418,235130512
20250423_RBD_REPAR_F12_LA,F12,LA,20250423,VARI,-0.0185,-0.0186,0.02,-0.0299,-0.0068,235130507
20250429_RBD_REPAR_F12_HA,F12,HA,20250429,ExG,8.976,9.0,4.2589,6.0,12.0,59959800
20250429_RBD_REPAR_F12_HA,F12,HA,20250429,GNDVI,0.0521,0.0534,0.0577,0.0137,0.0913,59959800
20250429_RBD_REPAR_F12_HA,F12,HA,20250429,NDRE,-0.0458,-0.0459,0.0264,-0.063,-0.0288,59959800
20250429_RBD_REPAR_F12_HA,F12,HA,20250429,NDVI,0.196,0.1954,0.0731,0.1452,0.2455,59959800
20250429_RBD_REPAR_F12_HA,F12,HA,20250429,OSAVI,0.196,0.1954,0.0731,0.1452,0.2455,59959800
20250429_RBD_REPAR_F12_HA,F12,HA,20250429,VARI,-0.0327,-0.0326,0.0198,-0.0457,-0.0195,59959800
20250429_RBD_REPAR_F12_LA,F12,LA,20250429,ExG,8.9313,8.0,6.1834,5.0,12.0,233125115
20250429_RBD_REPAR_F12_LA,F12,LA,20250429,GNDVI,0.0519,0.0512,0.0736,0.0013,0.1019,233125115
20250429_RBD_REPAR_F12_LA,F12,LA,20250429,NDRE,-0.0466,-0.0475,0.0338,-0.0691,-0.0251,233125115
20250429_RBD_REPAR_F12_LA,F12,LA,20250429,NDVI,0.1875,0.1806,0.0958,0.1187,0.2504,233125115
20250429_RBD_REPAR_F12_LA,F12,LA,20250429,OSAVI,0.1875,0.1806,0.0958,0.1187,0.2504,233125115
20250429_RBD_REPAR_F12_LA,F12,LA,20250429,VARI,-0.0266,-0.0263,0.0251,-0.0412,-0.0123,233124974
20250503_RBD_REPAR_F17_HA,F17,HA,20250503,ExG,11.0727,11.0,6.7191,6.0,16.0,48798142
20250503_RBD_REPAR_F17_HA,F17,HA,20250503,GNDVI,0.0498,0.0573,0.0653,0.0095,0.0957,48798142
20250503_RBD_REPAR_F17_HA,F17,HA,20250503,NDRE,-0.0495,-0.048,0.027,-0.0654,-0.0316,48798142
20250503_RBD_REPAR_F17_HA,F17,HA,20250503,NDVI,0.2019,0.2087,0.0878,0.1429,0.2654,48798142
20250503_RBD_REPAR_F17_HA,F17,HA,20250503,OSAVI,0.2019,0.2087,0.0878,0.1429,0.2654,48798142
20250503_RBD_REPAR_F17_HA,F17,HA,20250503,VARI,-0.0081,-0.0093,0.022,-0.0229,0.007,48798142
20250503_RBD_REPAR_F17_LA,F17,LA,20250503,ExG,9.106,8.0,7.7561,4.0,13.0,208520929
20250503_RBD_REPAR_F17_LA,F17,LA,20250503,GNDVI,0.0501,0.0534,0.0802,-0.0025,0.1056,208520929
20250503_RBD_REPAR_F17_LA,F17,LA,20250503,NDRE,-0.0462,-0.047,0.0375,-0.0714,-0.0217,208520929
20250503_RBD_REPAR_F17_LA,F17,LA,20250503,NDVI,0.1898,0.1877,0.1047,0.1163,0.2625,208520929
20250503_RBD_REPAR_F17_LA,F17,LA,20250503,OSAVI,0.1898,0.1877,0.1047,0.1163,0.2625,208520929
20250503_RBD_REPAR_F17_LA,F17,LA,20250503,VARI,-0.016,-0.018,0.0292,-0.0337,0.0,208520929
20250503_RBD_REPAR_F21_HA,F21,HA,20250503,ExG,6.2901,6.0,6.1127,2.0,10.0,55880039
20250503_RBD_REPAR_F21_HA,F21,HA,20250503,GNDVI,0.0478,0.0499,0.0676,-0.0001,0.0964,55880039
20250503_RBD_REPAR_F21_HA,F21,HA,20250503,NDRE,-0.0479,-0.0477,0.0208,-0.0614,-0.0343,55880039
20250503_RBD_REPAR_F21_HA,F21,HA,20250503,NDVI,0.1833,0.1825,0.0823,0.1219,0.241,55880039
20250503_RBD_REPAR_F21_HA,F21,HA,20250503,OSAVI,0.1833,0.1825,0.0823,0.1219,0.241,55880039
20250503_RBD_REPAR_F21_HA,F21,HA,20250503,VARI,-0.137,-0.1374,0.02,-0.15,-0.1245,55880039
20250503_RBD_REPAR_F21_LA,F21,LA,20250503,ExG,4.3341,3.0,7.9499,-1.0,9.0,173272969
20250503_RBD_REPAR_F21_LA,F21,LA,20250503,GNDVI,0.0488,0.0465,0.0861,-0.0145,0.1101,173272969
20250503_RBD_REPAR_F21_LA,F21,LA,20250503,NDRE,-0.0492,-0.0491,0.028,-0.0673,-0.0312,173272969
20250503_RBD_REPAR_F21_LA,F21,LA,20250503,NDVI,0.1802,0.1703,0.1005,0.1027,0.248,173272969
20250503_RBD_REPAR_F21_LA,F21,LA,20250503,OSAVI,0.1802,0.1703,0.1005,0.1027,0.248,173272969
20250503_RBD_REPAR_F21_LA,F21,LA,20250503,VARI,-0.1499,-0.1484,0.0329,-0.1689,-0.1298,173272969
20250503_RBD_REPAR_exp2_HA,EXP2,HA,20250503,ExG,6.0264,6.0,3.1652,4.0,8.0,942492
20250503_RBD_REPAR_exp2_HA,EXP2,HA,20250503,GNDVI,0.0346,0.0316,0.0604,-0.009,0.0747,942492
20250503_RBD_REPAR_exp2_HA,EXP2,HA,20250503,NDRE,-0.0383,-0.0387,0.0222,-0.0536,-0.0232,942492
20250503_RBD_REPAR_exp2_HA,EXP2,HA,20250503,NDVI,0.183,0.1775,0.0717,0.1316,0.2294,942492
20250503_RBD_REPAR_exp2_HA,EXP2,HA,20250503,OSAVI,0.183,0.1775,0.0717,0.1316,0.2294,942492
20250503_RBD_REPAR_exp2_HA,EXP2,HA,20250503,VARI,-0.0311,-0.0308,0.0112,-0.0383,-0.0237,942492
20250503_RBD_REPAR_exp2_LA,EXP2,LA,20250503,ExG,4.7668,4.0,5.3536,1.0,8.0,14861508
20250503_RBD_REPAR_exp2_LA,EXP2,LA,20250503,GNDVI,0.0468,0.04,0.0742,-0.0049,0.0939,14861508
20250503_RBD_REPAR_exp2_LA,EXP2,LA,20250503,NDRE,-0.0406,-0.041,0.0288,-0.0599,-0.0218,14861508
20250503_RBD_REPAR_exp2_LA,EXP2,LA,20250503,NDVI,0.1863,0.1691,0.0853,0.1249,0.2349,14861508
20250503_RBD_REPAR_exp2_LA,EXP2,LA,20250503,OSAVI,0.1863,0.1691,0.0853,0.1249,0.2349,14861508
20250503_RBD_REPAR_exp2_LA,EXP2,LA,20250503,VARI,-0.0265,-0.027,0.0182,-0.0372,-0.0176,14861508
20250508_RBD_REPAR_F12_HA,F12,HA,20250508,ExG,14.2992,14.0,7.0091,10.0,19.0,53605956
20250508_RBD_REPAR_F12_HA,F12,HA,20250508,GNDVI,0.0487,0.0517,0.0569,0.0128,0.0871,53605956
20250508_RBD_REPAR_F12_HA,F12,HA,20250508,NDRE,-0.0519,-0.0521,0.0222,-0.0666,-0.0375,53605956
20250508_RBD_REPAR_F12_HA,F12,HA,20250508,NDVI,0.1983,0.2017,0.0856,0.1414,0.2579,53605956
20250508_RBD_REPAR_F12_HA,F12,HA,20250508,OSAVI,0.1983,0.2017,0.0856,0.1414,0.2579,53605956
20250508_RBD_REPAR_F12_HA,F12,HA,20250508,VARI,-0.0072,-0.007,0.021,-0.0197,0.0069,53605956
20250508_RBD_REPAR_F17_HA,F17,HA,20250508,ExG,13.1745,13.0,7.9871,8.0,19.0,48480801
20250508_RBD_REPAR_F17_HA,F17,HA,20250508,GNDVI,0.0626,0.0704,0.0673,0.0214,0.1099,48480801
20250508_RBD_REPAR_F17_HA,F17,HA,20250508,NDRE,-0.0499,-0.0498,0.026,-0.0665,-0.0331,48480801
20250508_RBD_REPAR_F17_HA,F17,HA,20250508,NDVI,0.2048,0.2142,0.0964,0.1414,0.275,48480801
20250508_RBD_REPAR_F17_HA,F17,HA,20250508,OSAVI,0.2048,0.2142,0.0964,0.1414,0.275,48480801
20250508_RBD_REPAR_F17_HA,F17,HA,20250508,VARI,-0.0126,-0.0144,0.0248,-0.0305,0.0066,48480801
20250508_RBD_REPAR_F17_LA,F17,LA,20250508,ExG,11.6677,10.0,9.4555,5.0,17.0,208521036
20250508_RBD_REPAR_F17_LA,F17,LA,20250508,GNDVI,0.0514,0.0546,0.076,0.0013,0.1038,208521036
20250508_RBD_REPAR_F17_LA,F17,LA,20250508,NDRE,-0.0505,-0.0511,0.0344,-0.0736,-0.028,208521036
20250508_RBD_REPAR_F17_LA,F17,LA,20250508,NDVI,0.188,0.1879,0.1077,0.111,0.2646,208521036
20250508_RBD_REPAR_F17_LA,F17,LA,20250508,OSAVI,0.188,0.1879,0.1077,0.111,0.2646,208521036
20250508_RBD_REPAR_F17_LA,F17,LA,20250508,VARI,-0.0134,-0.0165,0.0308,-0.033,0.0064,208521036
20250508_RBD_REPAR_F21_HA,F21,HA,20250508,ExG,10.2853,10.0,6.8138,5.0,15.0,56032803
20250508_RBD_REPAR_F21_HA,F21,HA,20250508,GNDVI,0.0371,0.0403,0.0765,-0.0174,0.0926,56032803
20250508_RBD_REPAR_F21_HA,F21,HA,20250508,NDRE,-0.0511,-0.0509,0.022,-0.0653,-0.0368,56032803
20250508_RBD_REPAR_F21_HA,F21,HA,20250508,NDVI,0.1846,0.186,0.0946,0.114,0.2528,56032803
20250508_RBD_REPAR_F21_HA,F21,HA,20250508,OSAVI,0.1846,0.186,0.0946,0.114,0.2528,56032803
20250508_RBD_REPAR_F21_HA,F21,HA,20250508,VARI,-0.1395,-0.1399,0.0208,-0.1525,-0.1271,56032803
20250508_RBD_REPAR_F21_LA,F21,LA,20250508,ExG,8.1865,7.0,8.7835,2.0,13.0,183143966
20250508_RBD_REPAR_F21_LA,F21,LA,20250508,GNDVI,0.0426,0.0427,0.0904,-0.0249,0.1088,183143966
20250508_RBD_REPAR_F21_LA,F21,LA,20250508,NDRE,-0.0492,-0.0496,0.0276,-0.0674,-0.0314,183143966
20250508_RBD_REPAR_F21_LA,F21,LA,20250508,NDVI,0.1828,0.1756,0.1107,0.0954,0.2613,183143966
20250508_RBD_REPAR_F21_LA,F21,LA,20250508,OSAVI,0.1828,0.1756,0.1107,0.0954,0.2613,183143966
20250508_RBD_REPAR_F21_LA,F21,LA,20250508,VARI,-0.1443,-0.1443,0.032,-0.1634,-0.126,183143966
20250508_RBD_REPAR_exp1_HA,EXP1,HA,20250508,ExG,-5.9664,-7.0,5.7598,-9.0,-5.0,13384911
20250508_RBD_REPAR_exp1_HA,EXP1,HA,20250508,GNDVI,0.0172,0.0126,0.0651,-0.0227,0.0467,13384911
20250508_RBD_REPAR_exp1_HA,EXP1,HA,20250508,NDRE,-0.051,-0.0502,0.0289,-0.0693,-0.0325,13384911
20250508_RBD_REPAR_exp1_HA,EXP1,HA,20250508,NDVI,0.1545,0.1469,0.0674,0.1165,0.1732,13384911
20250508_RBD_REPAR_exp1_HA,EXP1,HA,20250508,OSAVI,0.1545,0.1469,0.0674,0.1165,0.1732,13384911
20250508_RBD_REPAR_exp1_HA,EXP1,HA,20250508,VARI,-0.1426,-0.141,0.0278,-0.1582,-0.1257,13384911
20250508_RBD_REPAR_exp1_LA,EXP1,LA,20250508,ExG,-4.9851,-6.0,4.2097,-7.0,-4.0,1082771
20250508_RBD_REPAR_exp1_LA,EXP1,LA,20250508,GNDVI,0.0174,0.0137,0.0611,-0.0179,0.0425,1082771
20250508_RBD_REPAR_exp1_LA,EXP1,LA,20250508,NDRE,-0.0404,-0.0398,0.0218,-0.0544,-0.0263,1082771
20250508_RBD_REPAR_exp1_LA,EXP1,LA,20250508,NDVI,0.1258,0.118,0.0648,0.092,0.1406,1082771
20250508_RBD_REPAR_exp1_LA,EXP1,LA,20250508,OSAVI,0.1258,0.118,0.0648,0.092,0.1406,1082771
20250508_RBD_REPAR_exp1_LA,EXP1,LA,20250508,VARI,-0.151,-0.1511,0.0155,-0.1605,-0.142,1082771
20250508_RBD_REPAR_exp2_HA,EXP2,HA,20250508,ExG,2.4612,0.0,9.4336,-4.0,8.0,15420774
20250508_RBD_REPAR_exp2_HA,EXP2,HA,20250508,GNDVI,0.0458,0.0371,0.0825,-0.0148,0.1009,15420774
20250508_RBD_REPAR_exp2_HA,EXP2,HA,20250508,NDRE,-0.049,-0.0492,0.0267,-0.0668,-0.0314,15420774
20250508_RBD_REPAR_exp2_HA,EXP2,HA,20250508,NDVI,0.1757,0.1527,0.101,0.0983,0.2387,15420774
20250508_RBD_REPAR_exp2_HA,EXP2,HA,20250508,OSAVI,0.1757,0.1527,0.101,0.0983,0.2387,15420774
20250508_RBD_REPAR_exp2_HA,EXP2,HA,20250508,VARI,-0.1301,-0.1308,0.0299,-0.1475,-0.1144,15420774
20250508_RBD_REPAR_exp2_LA,EXP2,LA,20250508,ExG,3.354,3.0,5.3871,0.0,7.0,1247871
20250508_RBD_REPAR_exp2_LA,EXP2,LA,20250508,GNDVI,0.0259,0.0233,0.0739,-0.0258,0.0766,1247871
20250508_RBD_REPAR_exp2_LA,EXP2,LA,20250508,NDRE,-0.0532,-0.053,0.0203,-0.0667,-0.0394,1247871
20250508_RBD_REPAR_exp2_LA,EXP2,LA,20250508,NDVI,0.1749,0.1686,0.0866,0.115,0.2326,1247871
20250508_RBD_REPAR_exp2_LA,EXP2,LA,20250508,OSAVI,0.1749,0.1686,0.0866,0.115,0.2326,1247871
20250508_RBD_REPAR_exp2_LA,EXP2,LA,20250508,VARI,-0.1299,-0.1289,0.0163,-0.14,-0.1186,1247871
20250513_RBD_REPAR_F12_HA,F12,HA,20250513,ExG,23.3966,23.0,13.4671,14.0,33.0,53026854
20250513_RBD_REPAR_F12_HA,F12,HA,20250513,GNDVI,0.0549,0.0586,0.0664,0.0137,0.0998,53026854
20250513_RBD_REPAR_F12_HA,F12,HA,20250513,NDRE,-0.0541,-0.0549,0.0269,-0.072,-0.0371,53026854
20250513_RBD_REPAR_F12_HA,F12,HA,20250513,NDVI,0.207,0.215,0.1048,0.1401,0.2815,53026854
20250513_RBD_REPAR_F12_HA,F12,HA,20250513,OSAVI,0.207,0.215,0.1048,0.1401,0.2815,53026854
20250513_RBD_REPAR_F12_HA,F12,HA,20250513,VARI,0.0056,0.0055,0.0374,-0.0179,0.0278,53026852
20250513_RBD_REPAR_F12_LA,F12,LA,20250513,ExG,26.6678,25.0,15.338,16.0,36.0,234626795
20250513_RBD_REPAR_F12_LA,F12,LA,20250513,GNDVI,0.049,0.0524,0.0794,-0.002,0.1036,234626795
20250513_RBD_REPAR_F12_LA,F12,LA,20250513,NDRE,-0.0569,-0.0585,0.0389,-0.0832,-0.0322,234626795
20250513_RBD_REPAR_F12_LA,F12,LA,20250513,NDVI,0.1934,0.2014,0.1243,0.1096,0.2843,234626795
20250513_RBD_REPAR_F12_LA,F12,LA,20250513,OSAVI,0.1934,0.2014,0.1243,0.1096,0.2843,234626795
20250513_RBD_REPAR_F12_LA,F12,LA,20250513,VARI,0.0221,0.0164,0.0519,-0.0132,0.0493,234626647
20250513_RBD_REPAR_F17_HA,F17,HA,20250513,ExG,25.8456,25.0,14.7145,15.0,36.0,49118451
20250513_RBD_REPAR_F17_HA,F17,HA,20250513,GNDVI,0.0444,0.0519,0.0672,0.0059,0.0899,49118451
20250513_RBD_REPAR_F17_HA,F17,HA,20250513,NDRE,-0.0584,-0.0584,0.0238,-0.0738,-0.043,49118451
20250513_RBD_REPAR_F17_HA,F17,HA,20250513,NDVI,0.2059,0.2202,0.1081,0.1403,0.2837,49118451
20250513_RBD_REPAR_F17_HA,F17,HA,20250513,OSAVI,0.2059,0.2202,0.1081,0.1403,0.2837,49118451
20250513_RBD_REPAR_F17_HA,F17,HA,20250513,VARI,0.0368,0.0292,0.0457,0.006,0.0662,49118451
20250513_RBD_REPAR_F17_LA,F17,LA,20250513,ExG,25.4253,23.0,17.7108,12.0,37.0,208520902
20250513_RBD_REPAR_F17_LA,F17,LA,20250513,GNDVI,0.055,0.0591,0.0896,-0.0031,0.1167,208520902
20250513_RBD_REPAR_F17_LA,F17,LA,20250513,NDRE,-0.0539,-0.0563,0.0436,-0.0835,-0.0268,208520902
20250513_RBD_REPAR_F17_LA,F17,LA,20250513,NDVI,0.1978,0.2102,0.1362,0.1062,0.2976,208520902
20250513_RBD_REPAR_F17_LA,F17,LA,20250513,OSAVI,0.1978,0.2102,0.1362,0.1062,0.2976,208520902
20250513_RBD_REPAR_F17_LA,F17,LA,20250513,VARI,0.0305,0.0246,0.0537,-0.0068,0.0596,208520901
20250513_RBD_REPAR_exp1_HA,EXP1,HA,20250513,ExG,2.6567,1.0,4.7733,0.0,3.0,824745
20250513_RBD_REPAR_exp1_HA,EXP1,HA,20250513,GNDVI,0.01,0.0025,0.0608,-0.0239,0.0266,824745
20250513_RBD_REPAR_exp1_HA,EXP1,HA,20250513,NDRE,-0.0261,-0.0258,0.0207,-0.0393,-0.0127,824745
20250513_RBD_REPAR_exp1_HA,EXP1,HA,20250513,NDVI,0.1438,0.1311,0.0716,0.1059,0.1556,824745
20250513_RBD_REPAR_exp1_HA,EXP1,HA,20250513,OSAVI,0.1438,0.1311,0.0716,0.1059,0.1556,824745
20250513_RBD_REPAR_exp1_HA,EXP1,HA,20250513,VARI,-0.0391,-0.0417,0.0207,-0.0511,-0.0318,824745
20250513_RBD_REPAR_exp1_LA,EXP1,LA,20250513,ExG,2.2841,1.0,5.3303,0.0,3.0,13239151
20250513_RBD_REPAR_exp1_LA,EXP1,LA,20250513,GNDVI,0.0172,0.0105,0.0731,-0.0248,0.0451,13239151
20250513_RBD_REPAR_exp1_LA,EXP1,LA,20250513,NDRE,-0.038,-0.0383,0.0347,-0.0603,-0.0162,13239151
20250513_RBD_REPAR_exp1_LA,EXP1,LA,20250513,NDVI,0.162,0.1525,0.084,0.1156,0.1862,13239151
20250513_RBD_REPAR_exp1_LA,EXP1,LA,20250513,OSAVI,0.162,0.1525,0.084,0.1156,0.1862,13239151
20250513_RBD_REPAR_exp1_LA,EXP1,LA,20250513,VARI,-0.0266,-0.0265,0.0228,-0.0382,-0.0154,13239151
20250513_RBD_REPAR_exp2_HA,EXP2,HA,20250513,ExG,12.5121,12.0,7.0948,7.0,17.0,978220
20250513_RBD_REPAR_exp2_HA,EXP2,HA,20250513,GNDVI,0.058,0.059,0.0791,0.0005,0.1164,978220
20250513_RBD_REPAR_exp2_HA,EXP2,HA,20250513,NDRE,-0.0437,-0.0445,0.0269,-0.0622,-0.0259,978220
20250513_RBD_REPAR_exp2_HA,EXP2,HA,20250513,NDVI,0.2028,0.2007,0.1094,0.1212,0.2835,978220
20250513_RBD_REPAR_exp2_HA,EXP2,HA,20250513,OSAVI,0.2028,0.2007,0.1094,0.1212,0.2835,978220
20250513_RBD_REPAR_exp2_HA,EXP2,HA,20250513,VARI,-0.0285,-0.0325,0.0261,-0.0467,-0.0147,978220
20250513_RBD_REPAR_exp2_LA,EXP2,LA,20250513,ExG,8.6335,6.0,11.557,0.0,15.0,17023734
20250513_RBD_REPAR_exp2_LA,EXP2,LA,20250513,GNDVI,0.0387,0.0345,0.0966,-0.0338,0.1095,17023734
20250513_RBD_REPAR_exp2_LA,EXP2,LA,20250513,NDRE,-0.0491,-0.0498,0.0328,-0.0709,-0.0279,17023734
20250513_RBD_REPAR_exp2_LA,EXP2,LA,20250513,NDVI,0.1945,0.177,0.134,0.0871,0.293,17023734
20250513_RBD_REPAR_exp2_LA,EXP2,LA,20250513,OSAVI,0.1945,0.177,0.134,0.0871,0.293,17023734
20250513_RBD_REPAR_exp2_LA,EXP2,LA,20250513,VARI,0.0141,0.0,0.053,-0.0176,0.0303,17023734
20250515_RBD_REPAR_F21_HA,F21,HA,20250515,ExG,7.9625,1.0,11.1566,0.0,16.0,151736004
20250515_RBD_REPAR_F21_HA,F21,HA,20250515,GNDVI,0.034,0.0448,0.1104,-0.0278,0.1057,93370739
20250515_RBD_REPAR_F21_HA,F21,HA,20250515,NDRE,-0.0441,-0.0464,0.0595,-0.0702,-0.0203,93299009
20250515_RBD_REPAR_F21_HA,F21,HA,20250515,NDVI,0.1747,0.1825,0.1477,0.0772,0.2778,93380895
20250515_RBD_REPAR_F21_HA,F21,HA,20250515,OSAVI,0.1075,0.0449,0.1437,0.0,0.2183,151736004
20250515_RBD_REPAR_F21_HA,F21,HA,20250515,VARI,-0.0181,-0.0186,0.0477,-0.047,0.0085,93656932
20250515_RBD_REPAR_F21_LA,F21,LA,20250515,ExG,7.7851,0.0,11.3554,0.0,15.0,400227828
20250515_RBD_REPAR_F21_LA,F21,LA,20250515,GNDVI,0.0554,0.0614,0.1024,-0.0159,0.1287,230182966
20250515_RBD_REPAR_F21_LA,F21,LA,20250515,NDRE,-0.046,-0.0486,0.0463,-0.0738,-0.0207,230184574
20250515_RBD_REPAR_F21_LA,F21,LA,20250515,NDVI,0.1983,0.2048,0.1435,0.0897,0.3065,230176525
20250515_RBD_REPAR_F21_LA,F21,LA,20250515,OSAVI,0.114,0.0229,0.1464,0.0,0.2314,400227828
20250515_RBD_REPAR_F21_LA,F21,LA,20250515,VARI,-0.0064,-0.0115,0.0473,-0.0382,0.0194,230447134
20250519_RBD_REPAR_F12_HA,F12,HA,20250519,ExG,43.5197,45.0,16.2904,34.0,55.0,52940690
20250519_RBD_REPAR_F12_HA,F12,HA,20250519,GNDVI,0.055,0.0588,0.077,0.0082,0.1062,52940690
20250519_RBD_REPAR_F12_HA,F12,HA,20250519,NDRE,-0.0595,-0.0604,0.0275,-0.0776,-0.0422,52940690
20250519_RBD_REPAR_F12_HA,F12,HA,20250519,NDVI,0.2189,0.2333,0.1255,0.1463,0.3071,52940690
20250519_RBD_REPAR_F12_HA,F12,HA,20250519,OSAVI,0.2189,0.2333,0.1255,0.1463,0.3071,52940690
20250519_RBD_REPAR_F12_HA,F12,HA,20250519,VARI,0.0631,0.0588,0.0532,0.0291,0.0952,52940690
20250519_RBD_REPAR_F17_HA,F17,HA,20250519,ExG,48.5588,51.0,21.0378,35.0,64.0,48984612
20250519_RBD_REPAR_F17_HA,F17,HA,20250519,GNDVI,0.0628,0.0725,0.0823,0.018,0.1178,48984612
20250519_RBD_REPAR_F17_HA,F17,HA,20250519,NDRE,-0.0587,-0.0596,0.0272,-0.0767,-0.0417,48984612
20250519_RBD_REPAR_F17_HA,F17,HA,20250519,NDVI,0.2241,0.2486,0.1366,0.1526,0.3197,48984612
20250519_RBD_REPAR_F17_HA,F17,HA,20250519,OSAVI,0.2241,0.2486,0.1366,0.1526,0.3197,48984612
20250519_RBD_REPAR_F17_HA,F17,HA,20250519,VARI,0.0862,0.0877,0.0696,0.0355,0.1364,48984612
20250519_RBD_REPAR_F17_LA,F17,LA,20250519,ExG,42.024,42.0,22.4057,26.0,58.0,210816135
20250519_RBD_REPAR_F17_LA,F17,LA,20250519,GNDVI,0.0569,0.0615,0.0939,-0.0022,0.1206,210816135
20250519_RBD_REPAR_F17_LA,F17,LA,20250519,NDRE,-0.0619,-0.0635,0.0415,-0.0898,-0.0355,210816135
20250519_RBD_REPAR_F17_LA,F17,LA,20250519,NDVI,0.1966,0.2142,0.147,0.1065,0.3014,210816135
20250519_RBD_REPAR_F17_LA,F17,LA,20250519,OSAVI,0.1966,0.2142,0.147,0.1065,0.3014,210816135
20250519_RBD_REPAR_F17_LA,F17,LA,20250519,VARI,0.0724,0.066,0.0697,0.0244,0.1129,210816135
20250519_RBD_REPAR_F17b_LA,F17B,LA,20250519,ExG,45.8559,47.0,21.8166,31.0,61.0,188750554
20250519_RBD_REPAR_F17b_LA,F17B,LA,20250519,GNDVI,0.0522,0.0605,0.0868,0.001,0.1123,188750554
20250519_RBD_REPAR_F17b_LA,F17B,LA,20250519,NDRE,-0.0626,-0.0638,0.039,-0.0888,-0.0376,188750554
20250519_RBD_REPAR_F17b_LA,F17B,LA,20250519,NDVI,0.195,0.2215,0.147,0.116,0.3002,188750554
20250519_RBD_REPAR_F17b_LA,F17B,LA,20250519,OSAVI,0.195,0.2215,0.147,0.116,0.3002,188750554
20250519_RBD_REPAR_F17b_LA,F17B,LA,20250519,VARI,0.0913,0.0885,0.075,0.04,0.1376,188750554
20250519_RBD_REPAR_exp1_HA,EXP1,HA,20250519,ExG,2.5302,0.0,7.0522,-1.0,2.0,824290
20250519_RBD_REPAR_exp1_HA,EXP1,HA,20250519,GNDVI,0.0254,0.0143,0.0609,-0.0077,0.0371,824290
20250519_RBD_REPAR_exp1_HA,EXP1,HA,20250519,NDRE,-0.0286,-0.029,0.021,-0.0427,-0.0151,824290
20250519_RBD_REPAR_exp1_HA,EXP1,HA,20250519,NDVI,0.1427,0.1223,0.0845,0.0995,0.1465,824290
20250519_RBD_REPAR_exp1_HA,EXP1,HA,20250519,OSAVI,0.1427,0.1223,0.0845,0.0995,0.1465,824290
20250519_RBD_REPAR_exp1_HA,EXP1,HA,20250519,VARI,-0.0534,-0.0621,0.04,-0.0764,-0.0439,824290
20250519_RBD_REPAR_exp1_LA,EXP1,LA,20250519,ExG,2.5852,1.0,7.9284,-1.0,3.0,13095816
20250519_RBD_REPAR_exp1_LA,EXP1,LA,20250519,GNDVI,0.0341,0.0264,0.0764,-0.0119,0.0649,13095816
20250519_RBD_REPAR_exp1_LA,EXP1,LA,20250519,NDRE,-0.0378,-0.0391,0.0371,-0.0623,-0.0149,13095816
20250519_RBD_REPAR_exp1_LA,EXP1,LA,20250519,NDVI,0.1656,0.1497,0.0953,0.1124,0.1874,13095816
20250519_RBD_REPAR_exp1_LA,EXP1,LA,20250519,OSAVI,0.1656,0.1497,0.0953,0.1124,0.1874,13095816
20250519_RBD_REPAR_exp1_LA,EXP1,LA,20250519,VARI,-0.0454,-0.05,0.0399,-0.0662,-0.0336,13095816
20250519_RBD_REPAR_exp2_LA,EXP2,LA,20250519,ExG,15.5171,13.0,14.9072,3.0,26.0,14957959
20250519_RBD_REPAR_exp2_LA,EXP2,LA,20250519,GNDVI,0.0738,0.0759,0.1272,-0.0253,0.1724,14957959
20250519_RBD_REPAR_exp2_LA,EXP2,LA,20250519,NDRE,-0.045,-0.0464,0.0442,-0.0759,-0.0154,14957959
20250519_RBD_REPAR_exp2_LA,EXP2,LA,20250519,NDVI,0.2235,0.2254,0.1758,0.0778,0.3683,14957959
20250519_RBD_REPAR_exp2_LA,EXP2,LA,20250519,OSAVI,0.2235,0.2254,0.1758,0.0778,0.3683,14957959
20250519_RBD_REPAR_exp2_LA,EXP2,LA,20250519,VARI,0.0199,0.0,0.0809,-0.0366,0.0556,14957959
20250520_RBD_REPAR_F21_HA,F21,HA,20250520,ExG,42.6111,45.0,21.1109,28.0,58.0,55910540
20250520_RBD_REPAR_F21_HA,F21,HA,20250520,GNDVI,0.0476,0.0606,0.0923,-0.0105,0.1145,55910540
20250520_RBD_REPAR_F21_HA,F21,HA,20250520,NDRE,-0.067,-0.0677,0.0296,-0.0847,-0.0499,55910540
20250520_RBD_REPAR_F21_HA,F21,HA,20250520,NDVI,0.1954,0.2214,0.1531,0.0966,0.3108,55910540
20250520_RBD_REPAR_F21_HA,F21,HA,20250520,OSAVI,0.1954,0.2214,0.1531,0.0966,0.3108,55910540
20250520_RBD_REPAR_F21_HA,F21,HA,20250520,VARI,0.0815,0.0774,0.0812,0.0182,0.1387,55910540
20250520_RBD_REPAR_F21_LA,F21,LA,20250520,ExG,28.8936,29.0,17.0395,17.0,41.0,181796921
20250520_RBD_REPAR_F21_LA,F21,LA,20250520,GNDVI,0.6058,0.6131,0.0603,0.5726,0.6466,181796921
20250520_RBD_REPAR_F21_LA,F21,LA,20250520,NDRE,0.0,0.0,0.0,0.0,0.0,181796921
20250520_RBD_REPAR_F21_LA,F21,LA,20250520,NDVI,0.6894,0.7081,0.0792,0.6438,0.7491,181796921
20250520_RBD_REPAR_F21_LA,F21,LA,20250520,OSAVI,0.6894,0.7081,0.0792,0.6438,0.7491,181796921
20250520_RBD_REPAR_F21_LA,F21,LA,20250520,VARI,0.0531,0.0448,0.07,0.0,0.0952,181796921
20250525_RBD_REPAR_F12_HA,F12,HA,20250525,ExG,70.006,73.0,20.2473,60.0,84.0,52998073
20250525_RBD_REPAR_F12_HA,F12,HA,20250525,GNDVI,0.0614,0.0683,0.0708,0.0237,0.108,52998073
20250525_RBD_REPAR_F12_HA,F12,HA,20250525,NDRE,-0.065,-0.0662,0.0279,-0.084,-0.0473,52998073
20250525_RBD_REPAR_F12_HA,F12,HA,20250525,NDVI,0.2164,0.2368,0.1277,0.1559,0.3019,52998073
20250525_RBD_REPAR_F12_HA,F12,HA,20250525,OSAVI,0.2164,0.2368,0.1277,0.1559,0.3019,52998073
20250525_RBD_REPAR_F12_HA,F12,HA,20250525,VARI,0.1473,0.1514,0.0728,0.1022,0.1957,52998073
20250525_RBD_REPAR_F12_LA,F12,LA,20250525,ExG,57.8945,58.0,16.8869,47.0,70.0,240780595
20250525_RBD_REPAR_F12_LA,F12,LA,20250525,GNDVI,0.0497,0.0539,0.0862,-0.0046,0.1091,240780595
20250525_RBD_REPAR_F12_LA,F12,LA,20250525,NDRE,-0.0744,-0.0749,0.0386,-0.1004,-0.0489,240780595
20250525_RBD_REPAR_F12_LA,F12,LA,20250525,NDVI,0.185,0.2056,0.1304,0.1148,0.2771,240780595
20250525_RBD_REPAR_F12_LA,F12,LA,20250525,OSAVI,0.185,0.2056,0.1304,0.1148,0.2771,240780595
20250525_RBD_REPAR_F12_LA,F12,LA,20250525,VARI,0.0431,0.0497,0.045,0.0221,0.0707,240780595
20250525_RBD_REPAR_F17_HA,F17,HA,20250525,ExG,74.0191,80.0,24.9014,63.0,91.0,49064887
20250525_RBD_REPAR_F17_HA,F17,HA,20250525,GNDVI,0.0475,0.0588,0.0807,0.0105,0.0994,49064887
20250525_RBD_REPAR_F17_HA,F17,HA,20250525,NDRE,-0.0684,-0.0686,0.0274,-0.0863,-0.0507,49064887
20250525_RBD_REPAR_F17_HA,F17,HA,20250525,NDVI,0.2205,0.2496,0.1416,0.166,0.3116,49064887
20250525_RBD_REPAR_F17_HA,F17,HA,20250525,OSAVI,0.2205,0.2496,0.1416,0.166,0.3116,49064887
20250525_RBD_REPAR_F17_HA,F17,HA,20250525,VARI,0.1632,0.1765,0.0802,0.1169,0.2192,49064887
20250525_RBD_REPAR_F17_LA,F17,LA,20250525,ExG,60.4188,61.0,26.3558,43.0,78.0,207613395
20250525_RBD_REPAR_F17_LA,F17,LA,20250525,GNDVI,0.0551,0.0612,0.092,0.001,0.1171,207613395
20250525_RBD_REPAR_F17_LA,F17,LA,20250525,NDRE,-0.0666,-0.0683,0.0444,-0.097,-0.0378,207613395
20250525_RBD_REPAR_F17_LA,F17,LA,20250525,NDVI,0.1975,0.2194,0.1468,0.1231,0.2969,207613395
20250525_RBD_REPAR_F17_LA,F17,LA,20250525,OSAVI,0.1975,0.2194,0.1468,0.1231,0.2969,207613395
20250525_RBD_REPAR_F17_LA,F17,LA,20250525,VARI,0.12,0.1164,0.0778,0.069,0.1645,207613395
20250525_RBD_REPAR_F17b_LA,F17B,LA,20250525,ExG,64.3034,67.0,25.7097,49.0,83.0,180249932
20250525_RBD_REPAR_F17b_LA,F17B,LA,20250525,GNDVI,0.0509,0.0597,0.0838,0.0056,0.1068,180249932
20250525_RBD_REPAR_F17b_LA,F17B,LA,20250525,NDRE,-0.0695,-0.0709,0.039,-0.0954,-0.0451,180249932
20250525_RBD_REPAR_F17b_LA,F17B,LA,20250525,NDVI,0.192,0.2211,0.1438,0.1293,0.289,180249932
20250525_RBD_REPAR_F17b_LA,F17B,LA,20250525,OSAVI,0.192,0.2211,0.1438,0.1293,0.289,180249932
20250525_RBD_REPAR_F17b_LA,F17B,LA,20250525,VARI,0.1379,0.1395,0.0807,0.0857,0.1897,180249932
20250525_RBD_REPAR_F21_HA,F21,HA,20250525,ExG,27.0414,10.0,31.4787,0.0,55.0,151455080
20250525_RBD_REPAR_F21_HA,F21,HA,20250525,GNDVI,0.0213,0.043,0.1243,-0.0517,0.1091,92641733
20250525_RBD_REPAR_F21_HA,F21,HA,20250525,NDRE,-0.0622,-0.0637,0.0529,-0.0862,-0.0384,92613319
20250525_RBD_REPAR_F21_HA,F21,HA,20250525,NDVI,0.1645,0.2029,0.1941,0.0318,0.3156,92642633
20250525_RBD_REPAR_F21_HA,F21,HA,20250525,OSAVI,0.1006,0.0,0.1717,0.0,0.2473,151455080
20250525_RBD_REPAR_F21_HA,F21,HA,20250525,VARI,0.0696,0.0632,0.0995,-0.0105,0.1429,92650996
20250525_RBD_REPAR_F21_LA,F21,LA,20250525,ExG,27.3386,22.0,28.2129,0.0,54.0,413131238
20250525_RBD_REPAR_F21_LA,F21,LA,20250525,GNDVI,0.0498,0.066,0.1157,-0.0168,0.1301,242005559
20250525_RBD_REPAR_F21_LA,F21,LA,20250525,NDRE,-0.0621,-0.0655,0.0506,-0.0932,-0.0361,242023928
20250525_RBD_REPAR_F21_LA,F21,LA,20250525,NDVI,0.1926,0.233,0.1858,0.0809,0.3329,242009533
20250525_RBD_REPAR_F21_LA,F21,LA,20250525,OSAVI,0.1128,0.0,0.171,0.0,0.2642,413131238
20250525_RBD_REPAR_F21_LA,F21,LA,20250525,VARI,0.0006,0.0154,0.0688,-0.0495,0.0548,242244620
20250525_RBD_REPAR_exp1_HA,EXP1,HA,20250525,ExG,2.2148,-1.0,11.989,-4.0,1.0,845807
20250525_RBD_REPAR_exp1_HA,EXP1,HA,20250525,GNDVI,-0.0418,-0.0614,0.0789,-0.0852,-0.033,845807
20250525_RBD_REPAR_exp1_HA,EXP1,HA,20250525,NDRE,-0.0634,-0.0648,0.0209,-0.0772,-0.0516,845807
20250525_RBD_REPAR_exp1_HA,EXP1,HA,20250525,NDVI,0.0485,0.0141,0.1213,-0.013,0.0446,845807
20250525_RBD_REPAR_exp1_HA,EXP1,HA,20250525,OSAVI,0.0485,0.0141,0.1213,-0.013,0.0446,845807
20250525_RBD_REPAR_exp1_HA,EXP1,HA,20250525,VARI,-0.1485,-0.1583,0.0494,-0.1737,-0.1429,845807
20250525_RBD_REPAR_exp1_LA,EXP1,LA,20250525,ExG,-1.9318,-6.0,13.5363,-9.0,-3.0,13562961
20250525_RBD_REPAR_exp1_LA,EXP1,LA,20250525,GNDVI,0.0051,-0.0095,0.0884,-0.0483,0.0323,13562961
20250525_RBD_REPAR_exp1_LA,EXP1,LA,20250525,NDRE,-0.051,-0.0518,0.0311,-0.0715,-0.0316,13562961
20250525_RBD_REPAR_exp1_LA,EXP1,LA,20250525,NDVI,0.1325,0.1105,0.1225,0.0612,0.1526,13562961
20250525_RBD_REPAR_exp1_LA,EXP1,LA,20250525,OSAVI,0.1325,0.1105,0.1225,0.0612,0.1526,13562961
20250525_RBD_REPAR_exp1_LA,EXP1,LA,20250525,VARI,-0.1549,-0.1634,0.061,-0.1868,-0.1411,13562961
20250525_RBD_REPAR_exp2_HA,EXP2,HA,20250525,ExG,40.2739,44.0,15.8305,30.0,52.0,1011464
20250525_RBD_REPAR_exp2_HA,EXP2,HA,20250525,GNDVI,0.1019,0.1175,0.1192,0.0195,0.1928,1011464
20250525_RBD_REPAR_exp2_HA,EXP2,HA,20250525,NDRE,-0.0281,-0.0298,0.0439,-0.0588,0.0027,1011464
20250525_RBD_REPAR_exp2_HA,EXP2,HA,20250525,NDVI,0.2873,0.3171,0.1715,0.1673,0.4245,1011464
20250525_RBD_REPAR_exp2_HA,EXP2,HA,20250525,OSAVI,0.2873,0.3171,0.1715,0.1673,0.4245,1011464
20250525_RBD_REPAR_exp2_HA,EXP2,HA,20250525,VARI,-0.0123,-0.0106,0.0573,-0.063,0.0368,1011464
20250525_RBD_REPAR_exp2_LA,EXP2,LA,20250525,ExG,36.4089,38.0,21.8767,19.0,53.0,17545347
20250525_RBD_REPAR_exp2_LA,EXP2,LA,20250525,GNDVI,0.0698,0.0836,0.133,-0.0271,0.1724,17545347
20250525_RBD_REPAR_exp2_LA,EXP2,LA,20250525,NDRE,-0.0525,-0.0531,0.0426,-0.0825,-0.0233,17545347
20250525_RBD_REPAR_exp2_LA,EXP2,LA,20250525,NDVI,0.2259,0.259,0.2089,0.0619,0.4019,17545347
20250525_RBD_REPAR_exp2_LA,EXP2,LA,20250525,OSAVI,0.2259,0.259,0.2089,0.0619,0.4019,17545347
20250525_RBD_REPAR_exp2_LA,EXP2,LA,20250525,VARI,-0.0142,-0.0066,0.0778,-0.087,0.0537,17545347
20250530_RBD_REPAR_exp1_HA,EXP1,HA,20250530,ExG,8.5551,3.0,15.9599,1.0,5.0,823846
20250530_RBD_REPAR_exp1_HA,EXP1,HA,20250530,GNDVI,-0.0474,-0.0683,0.0919,-0.0972,-0.039,823846
20250530_RBD_REPAR_exp1_HA,EXP1,HA,20250530,NDRE,-0.0522,-0.053,0.0214,-0.0663,-0.0394,823846
20250530_RBD_REPAR_exp1_HA,EXP1,HA,20250530,NDVI,0.059,0.0201,0.1422,-0.0157,0.0567,823846
20250530_RBD_REPAR_exp1_HA,EXP1,HA,20250530,OSAVI,0.059,0.0201,0.1422,-0.0157,0.0567,823846
20250530_RBD_REPAR_exp1_HA,EXP1,HA,20250530,VARI,-0.0215,-0.0459,0.073,-0.0546,-0.0303,823846
20250530_RBD_REPAR_exp1_LA,EXP1,LA,20250530,ExG,7.8185,3.0,15.6316,1.0,6.0,13124249
20250530_RBD_REPAR_exp1_LA,EXP1,LA,20250530,GNDVI,0.0032,-0.0144,0.0961,-0.0523,0.0248,13124249
20250530_RBD_REPAR_exp1_LA,EXP1,LA,20250530,NDRE,-0.0476,-0.0484,0.0314,-0.0681,-0.0283,13124249
20250530_RBD_REPAR_exp1_LA,EXP1,LA,20250530,NDVI,0.137,0.1113,0.1387,0.0607,0.1589,13124249
20250530_RBD_REPAR_exp1_LA,EXP1,LA,20250530,OSAVI,0.137,0.1113,0.1387,0.0607,0.1589,13124249
20250530_RBD_REPAR_exp1_LA,EXP1,LA,20250530,VARI,-0.0201,-0.0364,0.0607,-0.0479,-0.0237,13124249
20250530_RBD_REPAR_exp2_HA,EXP2,HA,20250530,ExG,62.8695,68.0,22.83,51.0,79.0,976060
20250530_RBD_REPAR_exp2_HA,EXP2,HA,20250530,GNDVI,0.1469,0.1656,0.1116,0.079,0.2296,976060
20250530_RBD_REPAR_exp2_HA,EXP2,HA,20250530,NDRE,-0.0329,-0.032,0.0322,-0.0542,-0.0105,976060
20250530_RBD_REPAR_exp2_HA,EXP2,HA,20250530,NDVI,0.3684,0.4102,0.1664,0.2737,0.4953,976060
20250530_RBD_REPAR_exp2_HA,EXP2,HA,20250530,OSAVI,0.3684,0.4102,0.1664,0.2737,0.4953,976060
20250530_RBD_REPAR_exp2_HA,EXP2,HA,20250530,VARI,0.1739,0.183,0.1059,0.0886,0.2552,976060
20250530_RBD_REPAR_exp2_LA,EXP2,LA,20250530,ExG,55.8985,59.0,29.1674,34.0,78.0,16984578
20250530_RBD_REPAR_exp2_LA,EXP2,LA,20250530,GNDVI,0.0816,0.0975,0.1267,-0.001,0.1755,16984578
20250530_RBD_REPAR_exp2_LA,EXP2,LA,20250530,NDRE,-0.0592,-0.0597,0.0459,-0.0892,-0.0294,16984578
20250530_RBD_REPAR_exp2_LA,EXP2,LA,20250530,NDVI,0.2479,0.2958,0.2092,0.1124,0.412,16984578
20250530_RBD_REPAR_exp2_LA,EXP2,LA,20250530,OSAVI,0.2479,0.2958,0.2092,0.1124,0.412,16984578
20250530_RBD_REPAR_exp2_LA,EXP2,LA,20250530,VARI,0.1456,0.1449,0.115,0.0476,0.2261,16984578
20250605_RBD_Vallreparera_exp1_HA,EXP1,HA,20250605,ExG,10.3096,2.0,22.2456,-1.0,7.0,816276
20250605_RBD_Vallreparera_exp1_HA,EXP1,HA,20250605,GNDVI,-0.0515,-0.0785,0.1009,-0.1138,-0.0289,816276
20250605_RBD_Vallreparera_exp1_HA,EXP1,HA,20250605,NDRE,-0.0503,-0.0522,0.0273,-0.0687,-0.0339,816276
20250605_RBD_Vallreparera_exp1_HA,EXP1,HA,20250605,NDVI,0.0321,-0.0223,0.1678,-0.0623,0.0343,816276
20250605_RBD_Vallreparera_exp1_HA,EXP1,HA,20250605,OSAVI,0.0321,-0.0223,0.1678,-0.0623,0.0343,816276
20250605_RBD_Vallreparera_exp1_HA,EXP1,HA,20250605,VARI,-0.0317,-0.0625,0.0929,-0.0777,-0.0383,816276
20250605_RBD_Vallreparera_exp1_LA,EXP1,LA,20250605,ExG,11.8516,4.0,22.2405,1.0,10.0,11854943
20250605_RBD_Vallreparera_exp1_LA,EXP1,LA,20250605,GNDVI,-0.0029,-0.0227,0.108,-0.0731,0.0379,11854943
20250605_RBD_Vallreparera_exp1_LA,EXP1,LA,20250605,NDRE,-0.0493,-0.051,0.04,-0.0764,-0.0238,11854943
20250605_RBD_Vallreparera_exp1_LA,EXP1,LA,20250605,NDVI,0.1234,0.0913,0.1637,0.0245,0.1612,11854943
20250605_RBD_Vallreparera_exp1_LA,EXP1,LA,20250605,OSAVI,0.1234,0.0913,0.1637,0.0245,0.1612,11854943
20250605_RBD_Vallreparera_exp1_LA,EXP1,LA,20250605,VARI,-0.0179,-0.0417,0.089,-0.0608,-0.0211,11854943
20250605_RBD_Vallreparera_exp2_LA,EXP2,LA,20250605,ExG,76.5633,79.0,29.4313,57.0,98.0,15454580
20250605_RBD_Vallreparera_exp2_LA,EXP2,LA,20250605,GNDVI,0.0666,0.0712,0.0905,0.0127,0.1274,15454580
20250605_RBD_Vallreparera_exp2_LA,EXP2,LA,20250605,NDRE,-0.0604,-0.0628,0.0498,-0.0942,-0.0283,15454580
20250605_RBD_Vallreparera_exp2_LA,EXP2,LA,20250605,NDVI,0.2561,0.2778,0.1467,0.1921,0.3527,15454580
20250605_RBD_Vallreparera_exp2_LA,EXP2,LA,20250605,OSAVI,0.2561,0.2778,0.1467,0.1921,0.3527,15454580
20250605_RBD_Vallreparera_exp2_LA,EXP2,LA,20250605,VARI,0.1823,0.178,0.0883,0.1333,0.2276,15454580
20250611_RBD_REPAR_exp1_HA,EXP1,HA,20250611,ExG,8.843,0.0,21.125,-3.0,6.0,805739
20250611_RBD_REPAR_exp1_HA,EXP1,HA,20250611,GNDVI,-0.0477,-0.0897,0.1151,-0.1134,-0.0492,805739
20250611_RBD_REPAR_exp1_HA,EXP1,HA,20250611,NDRE,-0.0528,-0.0568,0.0257,-0.069,-0.0427,805739
20250611_RBD_REPAR_exp1_HA,EXP1,HA,20250611,NDVI,0.037,-0.0323,0.1826,-0.0688,0.0334,805739
20250611_RBD_REPAR_exp1_HA,EXP1,HA,20250611,OSAVI,0.037,-0.0323,0.1826,-0.0688,0.0334,805739
20250611_RBD_REPAR_exp1_HA,EXP1,HA,20250611,VARI,0.0022,-0.0342,0.1,-0.0444,-0.0164,805739
20250611_RBD_REPAR_exp1_LA,EXP1,LA,20250611,ExG,14.4634,6.0,21.8548,2.0,15.0,11928799
20250611_RBD_REPAR_exp1_LA,EXP1,LA,20250611,GNDVI,-0.0097,-0.0394,0.1235,-0.0832,0.0136,11928799
20250611_RBD_REPAR_exp1_LA,EXP1,LA,20250611,NDRE,-0.059,-0.0618,0.0404,-0.0849,-0.0372,11928799
20250611_RBD_REPAR_exp1_LA,EXP1,LA,20250611,NDVI,0.1263,0.083,0.1768,0.0185,0.1614,11928799
20250611_RBD_REPAR_exp1_LA,EXP1,LA,20250611,OSAVI,0.1263,0.083,0.1768,0.0185,0.1614,11928799
20250611_RBD_REPAR_exp1_LA,EXP1,LA,20250611,VARI,0.0004,-0.031,0.0916,-0.0438,-0.0121,11928799
20250611_RBD_REPAR_exp2_HA,EXP2,HA,20250611,ExG,99.2867,102.0,22.6795,86.0,116.0,956966
20250611_RBD_REPAR_exp2_HA,EXP2,HA,20250611,GNDVI,0.1744,0.1752,0.0615,0.138,0.2156,956966
20250611_RBD_REPAR_exp2_HA,EXP2,HA,20250611,NDRE,-0.0339,-0.0347,0.0351,-0.0586,-0.0106,956966
20250611_RBD_REPAR_exp2_HA,EXP2,HA,20250611,NDVI,0.4343,0.4443,0.0854,0.4058,0.4864,956966
20250611_RBD_REPAR_exp2_HA,EXP2,HA,20250611,OSAVI,0.4343,0.4443,0.0854,0.4058,0.4864,956966
20250611_RBD_REPAR_exp2_HA,EXP2,HA,20250611,VARI,0.2905,0.2886,0.0743,0.2556,0.3265,956966
20250611_RBD_REPAR_exp2_LA,EXP2,LA,20250611,ExG,95.4496,97.0,28.8162,76.0,117.0,15694856
20250611_RBD_REPAR_exp2_LA,EXP2,LA,20250611,GNDVI,0.1006,0.1026,0.0934,0.0391,0.1649,15694856
20250611_RBD_REPAR_exp2_LA,EXP2,LA,20250611,NDRE,-0.0553,-0.0572,0.0522,-0.0917,-0.0205,15694856
20250611_RBD_REPAR_exp2_LA,EXP2,LA,20250611,NDVI,0.2856,0.2983,0.1313,0.2121,0.3763,15694856
20250611_RBD_REPAR_exp2_LA,EXP2,LA,20250611,OSAVI,0.2856,0.2983,0.1313,0.2121,0.3763,15694856
20250611_RBD_REPAR_exp2_LA,EXP2,LA,20250611,VARI,0.2506,0.2384,0.1032,0.1864,0.3014,15694856
